{"display":{"gui":{"translation":[24,24,24]},"head":{"scale":[4,4,4],"translation":[80,73.6,80]}},"elements":[{"faces":{"up":{"texture":"#0","uv":[4.125,7.9375,4,7.3125]},"west":{"texture":"#0","uv":[4.125,7.9375,4.75,9.3125]}},"from":[-16,-16,-16],"shade":false,"to":[-15.196,-6.9160004,-11.712]},{"faces":{"east":{"texture":"#0","uv":[1.875,7.8125,2.5,9.1875]},"up":{"texture":"#0","uv":[2.625,7.8125,2.5,7.1875]}},"from":[-9.555693,-16,-16],"shade":false,"to":[-8.751693,-6.9160004,-11.712]}],"overrides":[],"textures":{"0":"item/w1341505778_0"}}