{"display":{"gui":{"translation":[24,24,24]},"head":{"scale":[4,4,4],"translation":[80,73.6,80]}},"elements":[{"faces":{"down":{"texture":"#0","uv":[3.375,5.375,3.1875,6.375]},"east":{"texture":"#0","uv":[2,6.375,3,7.1875]},"up":{"texture":"#0","uv":[3.1875,6.375,3,5.375]}},"from":[-6.381631,-16,-16],"shade":false,"to":[-5.189631,-10.808,-9.608]},{"faces":{"down":{"texture":"#0","uv":[6,4.375,5.8125,5.375]},"up":{"texture":"#0","uv":[5.8125,5.375,5.625,4.375]},"west":{"texture":"#0","uv":[5.8125,5.375,6.8125,6.1875]}},"from":[-16,-16,-16],"shade":false,"to":[-14.808001,-10.808,-9.608]},{"faces":{"up":{"texture":"#0","uv":[3.6875,0.625,2.8125,0]}},"from":[-13.399466,-10.792,-14.321037],"shade":false,"to":[-7.7834654,-10.775999,-10.3050375]}],"overrides":[],"textures":{"0":"item/w1341505778_0"}}