{"display":{"gui":{"translation":[24,24,24]},"head":{"scale":[4,4,4],"translation":[80,73.6,80]}},"elements":[{"faces":{"up":{"texture":"#0","uv":[11.1875,5.125,11.275888,5.213389]}},"from":[-16,-16,-16],"shade":false,"to":[-15.717155,-16,-15.717156]}],"overrides":[],"textures":{"0":"item/w1391054669_0"}}