{"display":{"gui":{"translation":[24,24,24]},"head":{"scale":[4,4,4],"translation":[80,73.6,80]}},"elements":[{"faces":{"up":{"texture":"#0","uv":[11.25,5.625,11.5,5.75]}},"from":[-15.4,-16,-16],"shade":false,"to":[-14.599999,-16,-15.6]},{"faces":{"up":{"texture":"#0","uv":[10.625,5.875,11.0625,6]}},"from":[-16,-15.98,-14.667952],"shade":false,"to":[-14.6,-15.98,-14.267952]}],"overrides":[],"textures":{"0":"item/w1391054669_0"}}