{"display":{"gui":{"translation":[24,24,24]},"head":{"scale":[4,4,4],"translation":[80,73.6,80]}},"elements":[{"faces":{"east":{"texture":"#0","uv":[15.625,12.46875,15.40625,12.84375]},"north":{"texture":"#0","uv":[15.03125,12.46875,15.40625,12.84375]},"west":{"texture":"#0","uv":[15.40625,12.46875,15.625,12.84375]}},"from":[-16,-16,-16],"shade":false,"to":[-12.406,-12.187622,-13.905993]}],"overrides":[],"textures":{"0":"item/w1539464564_1"}}