{"display":{"gui":{"translation":[24,24,24]},"head":{"scale":[4,4,4],"translation":[80,73.6,80]}},"elements":[{"faces":{"east":{"texture":"#0","uv":[3.75,9.8125,4.28125,11.316015]},"west":{"texture":"#0","uv":[4.28125,9.8125,3.75,11.316015]}},"from":[-16,-16,-16],"shade":false,"to":[-16,3.2450008,-9.2]}],"overrides":[],"textures":{"0":"item/w1605256237_1"}}