{"display":{"gui":{"translation":[24,24,24]},"head":{"scale":[4,4,4],"translation":[80,73.6,80]}},"elements":[{"faces":{"east":{"texture":"#0","uv":[15.625,14.375,15.40625,14.75]},"north":{"texture":"#0","uv":[15.03125,14.375,15.40625,14.75]},"west":{"texture":"#0","uv":[15.40625,14.375,15.625,14.75]}},"from":[-16,-16,-16],"shade":false,"to":[-11.208,-10.91683,-13.208002]}],"overrides":[],"textures":{"0":"item/w1605256237_1"}}