{"display":{"gui":{"translation":[24,24,24]},"head":{"scale":[4,4,4],"translation":[80,73.6,80]}},"elements":[{"faces":{"down":{"texture":"#0","uv":[12.5625,0.0625,12.90625,0.6875]},"up":{"texture":"#0","uv":[12.21875,0.6875,12.5625,0.0625]},"west":{"texture":"#0","uv":[12.875,0.6875,12.25,1.03125]}},"from":[-16,-16,-16],"shade":false,"to":[-11.6,-11.6,-8.000001]}],"overrides":[],"textures":{"0":"item/w1605256237_1"}}