{"display":{"gui":{"translation":[24,24,24]},"head":{"scale":[4,4,4],"translation":[80,73.6,80]}},"elements":[{"faces":{"east":{"texture":"#0","uv":[13.375,0.25,12.9375,1]},"north":{"texture":"#0","uv":[12.1875,0.25,12.9375,1]},"west":{"texture":"#0","uv":[12.9375,0.25,13.375,1]}},"from":[-16,-16,-16],"shade":false,"to":[-13.067296,-12.889101,-14.291296]}],"overrides":[],"textures":{"0":"item/w1539862325_0"}}