{"display":{"gui":{"translation":[24,24,24]},"head":{"scale":[4,4,4],"translation":[80,73.6,80]}},"elements":[{"faces":{"east":{"texture":"#0","uv":[6.25,10.5625,6.375,10.75]},"north":{"texture":"#0","uv":[6.0625,10.5625,6.25,10.75]},"west":{"texture":"#0","uv":[6.375,10.5625,6.5,10.75]}},"from":[-16,-16,-16],"shade":false,"to":[-14.756534,-14.680979,-15.275513]}],"overrides":[],"textures":{"0":"item/w1539862325_0"}}