{"display":{"gui":{"translation":[24,24,24]},"head":{"scale":[4,4,4],"translation":[80,73.6,80]}},"elements":[{"faces":{"east":{"texture":"#0","uv":[13.75,3.75,13.3125,4.5]},"north":{"texture":"#0","uv":[12.5625,3.75,13.3125,4.5]},"west":{"texture":"#0","uv":[13.3125,3.75,13.75,4.5]}},"from":[-16,-16,-16],"shade":false,"to":[-13.503315,-13.351611,-14.545337]}],"overrides":[],"textures":{"0":"item/w1539862325_0"}}