{"display":{"gui":{"translation":[24,24,24]},"head":{"scale":[4,4,4],"translation":[80,73.6,80]}},"elements":[{"faces":{"east":{"texture":"#0","uv":[3.75,11.25,3.375,11.6875]},"north":{"texture":"#0","uv":[7.625,9.9375,7.5,10.375]},"south":{"texture":"#0","uv":[3.875,11.25,3.75,11.6875]}},"from":[-16,-16,-16],"shade":false,"to":[-15.090836,-13.397549,-13.658053]}],"overrides":[],"textures":{"0":"item/w1539862325_0"}}