{"display":{"gui":{"translation":[24,24,24]},"head":{"scale":[4,4,4],"translation":[80,73.6,80]}},"elements":[{"faces":{"east":{"texture":"#0","uv":[10.5625,1.0625,9.4375,2.3125]},"north":{"texture":"#0","uv":[9.4375,1.0625,9,2.3125]},"south":{"texture":"#0","uv":[11,1.0625,10.5625,2.3125]}},"from":[-16,-16,-16],"shade":false,"to":[-14.545337,-11.836078,-12.252887]}],"overrides":[],"textures":{"0":"item/w1539862325_0"}}