{"display":{"gui":{"translation":[24,24,24]},"head":{"scale":[4,4,4],"translation":[80,73.6,80]}},"elements":[{"faces":{"east":{"texture":"#0","uv":[4.125,10.9375,4.25,11.1875]},"north":{"texture":"#0","uv":[3.375,10.8125,3.625,11.0625]},"west":{"texture":"#0","uv":[4.125,11.25,4.25,11.5]}},"from":[-16,-16,-16],"shade":false,"to":[-14.439571,-14.344758,-15.090838]}],"overrides":[],"textures":{"0":"item/w1539862325_0"}}