{"display":{"gui":{"translation":[24,24,24]},"head":{"scale":[4,4,4],"translation":[80,73.6,80]}},"elements":[{"faces":{"east":{"texture":"#0","uv":[7.875,9.5,8,9.75]},"north":{"texture":"#0","uv":[8.4375,9.625,8.6875,9.875]},"west":{"texture":"#0","uv":[7.3125,9.4375,7.4375,9.6875]}},"from":[-16,-16,-16],"shade":false,"to":[-14.439571,-14.344755,-15.090834]}],"overrides":[],"textures":{"0":"item/w1539862325_0"}}