{"display":{"gui":{"translation":[24,24,24]},"head":{"scale":[4,4,4],"translation":[80,73.6,80]}},"elements":[{"faces":{"east":{"texture":"#0","uv":[5.5625,4.1875,5.4375,4.25]}},"from":[-16,-16,-16],"shade":false,"to":[-16,-15.6,-15.2]},{"faces":{"east":{"texture":"#0","uv":[5.34375,4.3125,5.125,4.375]}},"from":[-15.98,-14.667952,-16],"shade":false,"to":[-15.98,-14.267952,-14.6]}],"overrides":[],"textures":{"0":"item/w951537421_1"}}