{"display":{"gui":{"translation":[24,24,24]},"head":{"scale":[4,4,4],"translation":[80,73.6,80]}},"elements":[{"faces":{"west":{"texture":"#0","uv":[5.40625,3.9375,5.450444,3.9816945]}},"from":[-16,-16,-16],"shade":false,"to":[-16,-15.717156,-15.717156]}],"overrides":[],"textures":{"0":"item/w951537421_1"}}