{"display":{"gui":{"translation":[24,24,24]},"head":{"scale":[4,4,4],"translation":[80,73.6,80]}},"elements":[{"faces":{"north":{"texture":"#0","uv":[6.625,6.1875,6.875,6.250781]}},"from":[-16,-16,-16],"shade":false,"to":[-14.8352165,-15.594999,-15.999847]}],"overrides":[],"textures":{"0":"item/w203359445_1"}}