{"display":{"gui":{"translation":[24,24,24]},"head":{"scale":[4,4,4],"translation":[80,73.6,80]}},"elements":[{"faces":{"up":{"texture":"#0","uv":[4.75,14.625,4.875,14]},"west":{"texture":"#0","uv":[4.75,14.625,4.125,16]}},"from":[-16,-16,-16],"shade":false,"to":[-15.196,-6.9160004,-11.712]},{"faces":{"east":{"texture":"#0","uv":[4.7578125,14.625,5.3828125,16]},"up":{"texture":"#0","uv":[4.875,14.625,4.75,14]}},"from":[-9.555693,-16,-16],"shade":false,"to":[-8.751693,-6.9160004,-11.712]}],"overrides":[],"textures":{"0":"item/w978060411_1"}}