{"display":{"gui":{"translation":[24,24,24]},"head":{"scale":[4,4,4],"translation":[80,73.6,80]}},"elements":[{"faces":{"north":{"texture":"#0","uv":[9.629934,4.1350236,10.257675,4.386203]},"south":{"texture":"#0","uv":[10.257675,4.1350236,9.629934,4.386203]},"up":{"texture":"#0","uv":[12.391995,2.3767688,11.764255,2]}},"from":[-16,-16,-16],"shade":false,"to":[-14.875,-15.62875,-15.325]}],"overrides":[],"textures":{"0":"item/w1111193597_0"}}