{"display":{"gui":{"translation":[24,24,24]},"head":{"scale":[4,4,4],"translation":[80,73.6,80]}},"elements":[{"faces":{"east":{"texture":"#0","uv":[10.759869,4.386203,11.136513,5.1397405]},"north":{"texture":"#0","uv":[10.885417,3.381486,11.262061,4.1350236]},"south":{"texture":"#0","uv":[11.262061,3.381486,10.885417,4.1350236]}},"from":[-16,-16,-16],"shade":false,"to":[-15.325,-14.65,-15.325]}],"overrides":[],"textures":{"0":"item/w1111193597_0"}}