{"display":{"gui":{"translation":[24,24,24]},"head":{"scale":[4,4,4],"translation":[80,73.6,80]}},"elements":[{"faces":{"east":{"texture":"#0","uv":[11.136513,2.5023584,11.513158,3.2558963]},"north":{"texture":"#0","uv":[11.136513,4.386203,11.513158,5.1397405]},"south":{"texture":"#0","uv":[11.136513,4.386203,11.513158,5.1397405]}},"from":[-16,-16,-16],"shade":false,"to":[-15.325,-14.65,-15.325]}],"overrides":[],"textures":{"0":"item/w1111193597_0"}}