{"display":{"gui":{"translation":[24,24,24]},"head":{"scale":[4,4,4],"translation":[80,73.6,80]}},"elements":[{"faces":{"east":{"texture":"#0","uv":[10.759869,4.1350236,10.508772,4.386203]},"north":{"texture":"#0","uv":[11.3876095,4.1350236,11.010965,4.386203]},"south":{"texture":"#0","uv":[11.010965,4.1350236,11.3876095,4.386203]}},"from":[-16,-16,-16],"shade":false,"to":[-15.4357,-15.5032,-15.5482]}],"overrides":[],"textures":{"0":"item/w1111193597_0"}}