{"display":{"gui":{"translation":[24,24,24]},"head":{"scale":[4,4,4],"translation":[80,73.6,80]}},"elements":[{"faces":{"north":{"texture":"#0","uv":[11.513158,2.3767688,11.3876095,2.5023584]},"south":{"texture":"#0","uv":[11.3876095,2.3767688,11.513158,2.5023584]},"west":{"texture":"#0","uv":[11.136513,3.2558963,10.885417,3.381486]}},"from":[-16,-16,-16],"shade":false,"to":[-15.775,-15.775,-15.55]}],"overrides":[],"textures":{"0":"item/w1111193597_0"}}