{"display":{"gui":{"translation":[24,24,24]},"head":{"scale":[4,4,4],"translation":[80,73.6,80]}},"elements":[{"faces":{"north":{"texture":"#0","uv":[9.881031,3.2558963,9.629934,3.381486]},"south":{"texture":"#0","uv":[9.629934,3.2558963,9.881031,3.381486]},"up":{"texture":"#0","uv":[10.257675,4.386203,10.508772,4.1350236]}},"from":[-16,-16,-16],"shade":false,"to":[-15.5725,-15.775,-15.55]}],"overrides":[],"textures":{"0":"item/w1111193597_0"}}