{"display":{"gui":{"translation":[24,24,24]},"head":{"scale":[4,4,4],"translation":[80,73.6,80]}},"elements":[{"faces":{"north":{"texture":"#0","uv":[12.517544,3.7582548,13.52193,5.5165095]},"south":{"texture":"#0","uv":[12.517544,3.7582548,13.52193,5.5165095]}},"from":[-16,-16,-16],"shade":false,"to":[-15.6382,-15.3682,-15.2782]}],"overrides":[],"textures":{"0":"item/w1111193597_0"}}