{"display":{"gui":{"translation":[24,24,24]},"head":{"scale":[4,4,4],"translation":[80,73.6,80]}},"elements":[{"faces":{"east":{"texture":"#0","uv":[4,5.9375,4.4375,6.1875]},"west":{"texture":"#0","uv":[4.5,5.9375,4.9375,6.1875]}},"from":[-16,-16,-16],"shade":false,"to":[-15.992,-14.392001,-13.191999]}],"overrides":[],"textures":{"0":"item/w1724908523_1"}}